-- phpMyAdmin SQL Dump
-- version 4.4.15.10
-- https://www.phpmyadmin.net
--
-- Host: localhost
-- Generation Time: Mar 21, 2017 at 09:20 AM
-- Server version: 5.5.52-MariaDB
-- PHP Version: 5.4.16

SET SQL_MODE = "NO_AUTO_VALUE_ON_ZERO";
SET time_zone = "+00:00";


/*!40101 SET @OLD_CHARACTER_SET_CLIENT=@@CHARACTER_SET_CLIENT */;
/*!40101 SET @OLD_CHARACTER_SET_RESULTS=@@CHARACTER_SET_RESULTS */;
/*!40101 SET @OLD_COLLATION_CONNECTION=@@COLLATION_CONNECTION */;
/*!40101 SET NAMES utf8mb4 */;

--
-- Database: `dvt2017`
--

-- --------------------------------------------------------

--
-- Table structure for table `benefit`
--

CREATE TABLE IF NOT EXISTS `benefit` (
  `benefit_id` varchar(100) NOT NULL,
  `Shuttle_Bus` varchar(100) NOT NULL,
  `Travel_expense` varchar(100) NOT NULL,
  `Accident` varchar(100) NOT NULL,
  `endowment` varchar(100) NOT NULL,
  `unifrom` varchar(100) NOT NULL,
  `rest` varchar(100) NOT NULL,
  `cost_rest` varchar(100) NOT NULL,
  `food` varchar(100) NOT NULL,
  `food_prices` varchar(100) NOT NULL
) ENGINE=MyISAM DEFAULT CHARSET=utf8;

-- --------------------------------------------------------

--
-- Table structure for table `business`
--

CREATE TABLE IF NOT EXISTS `business` (
  `business_id` varchar(100) NOT NULL,
  `business_name` varchar(100) NOT NULL,
  `Job_description` varchar(100) NOT NULL,
  `amount_emp` varchar(100) NOT NULL,
  `address_no` varchar(100) NOT NULL,
  `road` varchar(100) NOT NULL,
  `tumbon` varchar(100) NOT NULL,
  `aumphur` varchar(100) NOT NULL,
  `province` varchar(100) NOT NULL,
  `postcode` varchar(100) NOT NULL,
  `email` varchar(100) NOT NULL,
  `contact` varchar(100) NOT NULL,
  `contact_phone` varchar(100) NOT NULL,
  `mou` varchar(100) NOT NULL,
  `registration_date` varchar(100) NOT NULL,
  `capital` varchar(100) NOT NULL,
  `country` varchar(100) NOT NULL,
  `tax_break` varchar(100) NOT NULL,
  `business_property` varchar(100) NOT NULL,
  `business_benefit` varchar(100) NOT NULL
) ENGINE=MyISAM DEFAULT CHARSET=utf8;

-- --------------------------------------------------------

--
-- Table structure for table `business_benefit`
--

CREATE TABLE IF NOT EXISTS `business_benefit` (
  `id` varchar(100) NOT NULL,
  `name` varchar(100) NOT NULL
) ENGINE=MyISAM DEFAULT CHARSET=utf8;

--
-- Dumping data for table `business_benefit`
--

INSERT INTO `business_benefit` (`id`, `name`) VALUES
('1', 'มีรถรับส่ง'),
('2', 'ค่าเดินทาง'),
('3', 'ประกันอุบัติเหตุ'),
('4', 'ประกันชีวิต'),
('5', 'ชุด UNIFROM'),
('6', 'มีที่พัก'),
('7', 'ค่าอาหาร/วัน'),
('8', 'เบี้ยเลี้ยงระหว่างการฝึก'),
('9', 'ทุนการศึกษา/ภาคเรียน');

-- --------------------------------------------------------

--
-- Table structure for table `business_property`
--

CREATE TABLE IF NOT EXISTS `business_property` (
  `id` varchar(100) NOT NULL,
  `name` varchar(100) NOT NULL,
  `descript` varchar(100) NOT NULL
) ENGINE=MyISAM DEFAULT CHARSET=utf8;

--
-- Dumping data for table `business_property`
--

INSERT INTO `business_property` (`id`, `name`, `descript`) VALUES
('1', 'promote', 'ส่งเสริม สนับสนุนการจัดกิจกรรมพัฒนาเพื่อให้ผู้เรียนมีคุณลักษณะที่พึงประสงค์'),
('2', 'job_property', 'ลักษณะงานที่ฝึกอาชีพสอดคล้องกับการเรียนรู้/ในสาขาวิชาที่ผู้เรียนกำลังศึกษา'),
('3', 'agreement', 'ทำบันทึกข้อตกลงความร่วมมือระหว่างสถานประกอบการกับสถานศึกษา'),
('4', 'promise', 'ทำสัญญาการฝึกอาชีพระหว่างผู้เรียนกับสถานประกอบการ'),
('5', 'education_program', 'ทำแผนการเรียน แผนการฝึกอาชีพและแผนการนิเทศร่วมกับสถานศึกษาตลอดหลักสูตร'),
('6', 'assessment', 'ประเมินการฝึกอาชีพร่วมกับสถานศึกษา'),
('7', 'training', 'มีครูฝึกในสถานประกอบการ'),
('8', 'professional', 'มีผู้ควบคุมการฝึกอาชีพ'),
('9', 'coordinator_vocation', 'มีผู้ประสานงานการจัดการอาชีวศึกษาระบบทวิภาคีของสถานประกอบการ'),
('10', 'relations', 'ประชาสัมพันธ์การจัดการอาชีวศึกษาระบบทวิภาคีให้กับผู้เรียน ผู้ปกครองและชุมชน'),
('11', 'benefits', 'มีสวัสดิการและค่าตอบแทน วันหยุด ที่เหมาะสมให้กับผู้เรียน ตามข้อตกลงระหว่างสถานประกอบการและสถานศึกษา');

-- --------------------------------------------------------

--
-- Table structure for table `do_vg`
--

CREATE TABLE IF NOT EXISTS `do_vg` (
  `dovg_id` varchar(100) NOT NULL,
  `vg_id` varchar(100) NOT NULL,
  `business_id` varchar(100) NOT NULL,
  `schools_id` varchar(100) NOT NULL,
  `schools_secretary_id` varchar(100) NOT NULL
) ENGINE=MyISAM DEFAULT CHARSET=utf8;

-- --------------------------------------------------------

--
-- Table structure for table `edu_type`
--

CREATE TABLE IF NOT EXISTS `edu_type` (
  `typcode` varchar(100) NOT NULL,
  `typname` varchar(100) NOT NULL,
  `etypname` varchar(100) NOT NULL
) ENGINE=MyISAM DEFAULT CHARSET=utf8;

--
-- Dumping data for table `edu_type`
--

INSERT INTO `edu_type` (`typcode`, `typname`, `etypname`) VALUES
('1', 'อุตสาหกรรม', 'Industrial Trades'),
('2', 'พาณิชยกรรม/บริหารธุรกิจ', 'Commerce/Business Administration'),
('3', 'ศิลปกรรม', 'Art'),
('6', 'ประมง', 'Fisheries'),
('4', 'คหกรรม', 'Home Economics'),
('5', 'เกษตรกรรม', 'Ariculture'),
('7', 'อุตสาหกรรมท่องเที่ยว', 'Tourism Industry'),
('8', 'อุตสาหกรรมสิ่งทอ', 'Textile Industry'),
('9', 'เทคโนโลยีสารสนเทศและการสื่อสาร', 'Information and Communication Technology');

-- --------------------------------------------------------

--
-- Table structure for table `major`
--

CREATE TABLE IF NOT EXISTS `major` (
  `major_id` varchar(100) NOT NULL,
  `major_name` varchar(100) NOT NULL,
  `type_id` varchar(100) NOT NULL,
  `emajorEname` varchar(100) NOT NULL
) ENGINE=MyISAM DEFAULT CHARSET=utf8;

--
-- Dumping data for table `major`
--

INSERT INTO `major` (`major_id`, `major_name`, `type_id`, `emajorEname`) VALUES
('2901', 'เทคโนโลยีสารสนเทศ', '1', ''),
('2802', 'เคมีสิ่งทอ', '1', 'Textile Chemistry Trades'),
('2601', 'เพาะเลี้ยงสัตว์น้ำ', '1', 'Aquaculture Trades'),
('2103', 'ช่างเชื่อมโลหะ', '1', 'Welding and Sheet Metal'),
('2702', 'การท่องเที่ยว', '1', ''),
('2701', 'การโรงแรม', '1', 'Hospitality'),
('2401', 'แฟชั่นและสิ่งทอ', '1', ''),
('2402', 'อาหารและโภชนาการ', '1', 'Food and Nutrition Trades'),
('2406', 'คหกรรมศาสตร์', '1', 'Home Economics Trades'),
('2101', 'ช่างยนต์', '1', 'Auto Mechine'),
('2102', 'ช่างกลโรงงาน', '1', 'Machine Tool'),
('2106', 'ช่างก่อสร้าง', '1', 'Buielding'),
('2801', 'เทคโนโลยีสิ่งทอ', '1', 'Textile TechnoLogy Trades'),
('2202', 'การตลาด', '1', ''),
('2104', 'ช่างไฟฟ้ากำลัง', '1', 'Electrical Power'),
('2105', 'ช่างอิเล็กทรอนิกส์', '1', 'Electronics'),
('2107', 'ช่างเครื่องเรือนและตกแต่งภายใน', '1', 'Furniture and interior Decoration'),
('2108', 'สถาปัตยกรรม', '1', 'Architectural'),
('2301', 'วิจิตรศิลป์', '1', ''),
('2803', 'เทคโนโลยีเครื่องนุ่งห่ม', '1', 'Garment Industry Trades'),
('2201', 'การบัญชี', '1', ''),
('2600', 'ประมง', '1', ''),
('2602', 'แปรรูปสัตว์น้ำ', '1', 'Fish Processing Trades'),
('2501', 'เกษตรศาสตร์', '1', 'Agriculture Trades'),
('2407', 'เสริมสวย', '1', 'Beauty Trades'),
('2603', 'ประมงทะเล', '1', 'Marine Fisheries Trades'),
('2109', 'สำรวจ', '1', 'Surveying'),
('2110', 'ช่างเขียนแบบเครื่องกล', '1', 'Mechanical Drafting'),
('2111', 'ช่างซ่อมบำรุง', '1', 'Maintenance'),
('2112', 'ช่างพิมพ์', '1', 'Printing'),
('2116', 'เทคนิคแว่นตาและเลนส์', '1', 'Optical and lens'),
('2117', 'ช่างต่อเรือ', '1', 'Ship Building'),
('2121', 'โยธา', '1', 'Civil'),
('2119', 'โทรคมนาคม', '1', 'Telecommnication'),
('2122', 'อุตสาหกรรมยาง', '1', 'Ruber Industry'),
('2127', 'เมคคาทรอนิกส์', '1', 'Mechatronics'),
('2203', 'การเลขานุการ', '1', ''),
('2204', 'คอมพิวเตอร์ธุรกิจ', '1', ''),
('2209', 'ธุรกิจสถานพยาบาล', '1', ''),
('2210', 'การประชาสัมพันธ์', '1', ''),
('2211', 'ธุรกิจค้าปลีก', '1', ''),
('2212', 'ภาษาต่างประเทศ', '1', ''),
('2302', 'การออกแบบ', '1', ''),
('2303', 'ศิลปหัตถกรรม', '1', ''),
('2304', 'ศิลปกรรมเซรามิก', '1', ''),
('2305', 'ศิลปหัตถกรรมรูปพรรณและเครื่องประดับ', '1', ''),
('2306', 'การถ่ายภาพและวีดิทัศน์', '1', ''),
('2307', 'เทคโนโลยีศิลปกรรม', '1', ''),
('2308', 'คอมพิวเตอร์กราฟิก', '1', ''),
('2309', 'อุตสาหกรรมเครื่องหนัง', '1', ''),
('2310', 'เครื่องประดับอัญมณี', '1', ''),
('2317', 'ศิลปการดนตรี', '1', ''),
('2191', 'ช่างอุตสาหกรรมฐานวิทยาศาสตร์', '1', ''),
('2291', 'พาณิชยกรรมและบริการฐานวิทยาศาสตร์', '1', ''),
('2391', 'ศิลปกรรมฐานวิทยาศาสตร์', '1', ''),
('2591', 'เทคโนโลยีชีวภาพการเกษตรฐานวิทยาศาสตร์', '1', ''),
('2491', 'คหกรรมฐานวิทยาศาตร์', '1', ''),
('4106', 'เทคโนโลยีการก่อสร้าง', '7', 'Construction Technology'),
('4104', 'เทคโนโลยีไฟฟ้า', '7', 'Electrical Technology'),
('4102', 'เทคโนโลยีแม่พิมพ์', '7', 'Mold and Die Technology'),
('4101', 'เทคโนโลยียานยนต์', '7', 'Automotive Technology'),
('4214', 'การจัดการโลจิสติกส์', '7', 'logistic Management'),
('4105', 'เทคโนโลยีอิเล็กทรอนิกส์', '7', 'Electronics Technology'),
('4201', 'การบัญชี', '7', 'Accounting'),
('4503', 'เทคโนโลยีการผลิตสัตว์', '7', 'Animal Production Technology'),
('4308', 'ดิจิตอลกราฟิก', '7', 'Digital Graphic'),
('4502', 'เทคโนโลยีการผลิตพืช', '7', 'Plant Production Technology'),
('4122', 'เทคโนโลยียาง', '7', 'Rubber Technology'),
('4108', 'เทคโนโลยีสถาปัตยกรรม', '7', 'Architectural Technology'),
('4107', 'เทคโนโลยีอุตสาหกรรมเครื่องเรือนและตกแต่งภายใน', '7', 'Furniture Industrial Technology and Interior Decoration'),
('4901', 'เทคโนโลยีสารสนเทศ', '7', 'Information Technology'),
('4202', 'การตลาด', '7', 'Marketing'),
('4302', 'การออกแบบผลิตภัณฑ์', '7', 'Product Design'),
('4301', 'วิจิตรศิลป์', '7', 'Fine Arts'),
('4315', 'ช่างทองหลวง', '7', 'Royal Goldsmith'),
('4311', 'ออกแบบรูปพรรณอัญมณีและเครื่องประดับ', '7', 'Metalwork Gemstone and Jewelry Design'),
('4404', 'เทคโนโลยีอาหารและโภชนาการ', '7', 'Food and Nutrition Technology'),
('4403', 'เทคโนโลยีการออกแบบแฟชั่น', '7', 'Fashion Design Technology'),
('4406', 'การจัดการงานคหกรรม', '7', 'Home Economics Management'),
('4601', 'เทคโนโลยีเพาะเลี้ยงสัตว์น้ำ', '7', 'Aquaculture Technology'),
('4602', 'เทคโนโลยีแปรรูปสัตว์น้ำ', '7', 'Fish Processing Technology'),
('4702', 'การท่องเที่ยว', '7', 'Tourism'),
('4701', 'การโรงแรม', '7', 'Hotel and Hospitality'),
('4216', 'การจัดการสำนักงาน', '7', 'Office Management'),
('4204', 'คอมพิวเตอร์ธุรกิจ', '7', 'Business Computer'),
('4132', 'เทคโนโลยีเครื่องกลเรือ', '7', 'Marine Mechanical Technology'),
('2404', 'อาหารและโภชนาการ', '1', 'Food and Nutrition Trades'),
('2128', 'เทคนิคคอมพิวเตอร์', '1', 'Computer Technique'),
('2129', 'อุตสาหกรรมฟอกหนัง', '1', ''),
('2318', 'การพิมพ์สกรีน', '1', ''),
('2319', 'ออกแบบนิเทศศิลป์', '1', ''),
('2408', 'ธุรกิจคหกรรม', '1', ''),
('2315', 'ช่างทองหลวง', '1', 'Royal Goldsmith'),
('3101', 'เทคนิคเครื่องกล', '2', 'Mechanical Techniques'),
('3102', 'เทคนิคการผลิต', '2', 'Production Technology'),
('3104', 'ไฟฟ้า', '2', 'Electrical'),
('3105', 'อิเล็กทรอนิกส์', '2', 'Electronics'),
('3106', 'ช่างก่อสร้าง', '2', 'Building Construction'),
('3107', 'อุตสาหกรรมเครื่องเรือนและตกแต่งภายใน', '2', 'Furniture Industry and Interior Decoration'),
('3108', 'เทคนิคสถาปัตยกรรม', '2', 'Architecture'),
('3109', 'สำรวจ', '2', 'Survaying'),
('3121', 'โยธา', '2', 'Civil'),
('3127', 'เมคคาทรอนิกส์และหุ่นยนต์', '2', ''),
('3201', 'การบัญชี', '2', 'Accounting'),
('3202', 'การตลาด', '2', 'Marketing'),
('3203', 'การเลขานุการ', '2', 'Secretarial'),
('3204', 'คอมพิวเตอร์ธุรกิจ', '2', 'Business Computer'),
('3211', 'การจัดการธุรกิจค้าปลีก', '2', 'Retail Business Management'),
('3214', 'การจัดการโลจิสติกส์', '2', 'Logistic Management'),
('3216', 'การจัดการสำนักงาน', '2', 'Office Management'),
('3301', 'วิจิตรศิลป์', '2', 'Fine Art'),
('3302', 'การออกแบบ', '2', 'Design'),
('3303', 'ศิลปหัตถกรรม', '2', 'Art and Crafts'),
('3304', 'เทคโนโลยีเซรามิก', '2', 'Ceramic Technology'),
('3305', 'ศิลปหัตถกรรมรูปพรรณและเครื่องประดับ', '2', 'Metalware and Omaments'),
('3306', 'เทคโนโลยีการถ่ายภาพและมัลติมีเดีย', '2', 'Photography and Multimedai Technology'),
('3307', 'เทคโนโลยีศิลปกรรม', '2', 'Art technology'),
('3308', 'คอมพิวเตอร์กราฟิก', '2', 'Computer Graphics'),
('3309', 'เทคโนโลยีผลิตภัณฑ์อุตสาหกรรมเครื่องหนัง', '2', 'Leather Industry Product Technology'),
('3310', 'เครื่องประดับอัญมณี', '2', 'Jewelry'),
('3311', 'ออกแบบเครื่องประดับอัญมณี', '2', 'Jewelry design'),
('3315', 'ช่างทองหลวง', '2', 'Royal Goldsmith'),
('3317', 'ดนตรีและเทคโนโลยี', '2', 'Music and Technology'),
('3401', 'เทคโนโลยีแฟชั่นและสิ่งทอ', '2', 'Fasion and Textile Technology'),
('3402', 'เทคโนโลยีออกแบบแฟชั่นและสิ่งทอ', '2', 'Fasion Design and textile Technology'),
('3403', 'เทคโนโลยีสิ่งทอและเครื่องนุ่งห่ม', '2', 'Textile and Clothing Technology'),
('3404', 'อาหารและโภชนาการ', '2', 'Food and Nutrition'),
('3405', 'อุตสาหกรมมอาหาร', '2', 'Food Industry'),
('3406', 'การบริหารงานคหกรรมศาสตร์', '2', 'Home Economics Administration'),
('3407', 'เทคโนโลยีความงาม', '5', 'beauty Technology'),
('3501', 'เกษตรศาสตร์', '2', 'Agricultural Science'),
('3502', 'พืชศาสตร์', '2', 'plant Science'),
('3503', 'สัตวศาสตร์', '2', 'Animal Science'),
('3504', 'สัตวรักษ์', '2', 'Animal Health Science'),
('3505', 'ช่างกลเกษตร', '2', 'Farm Mechanics'),
('3506', 'อุตสาหกรรมเกษตร', '2', 'Agro-Industry'),
('3507', 'เกษตรอุตสาหกรรม', '2', 'Industrial Agricultural'),
('3508', 'เทคโนโลยีภูมิทัศน์', '2', 'Landscape Technology'),
('3601', 'เพาะเลี้ยงสัตว์น้ำ', '2', 'Aquaculture'),
('3602', 'แปรรูปสัตว์น้ำ', '2', 'Fish Processing'),
('3701', 'การโรงแรม', '2', 'Hotel'),
('3702', 'การท่องเที่ยว', '2', 'Tourism'),
('3901', 'เทคโนโลยีสารสนเทศ', '2', 'Information Technology'),
('3115', 'เทคนิคกายอุปกรณ์', '2', ''),
('3103', 'เทคนิคโลหะ', '2', ''),
('3110', 'เขียนแบบเครื่องกล', '2', ''),
('3111', 'เทคนิคอุตสาหกรรม', '2', ''),
('3112', 'การพิมพ์', '2', ''),
('3116', 'เทคนิคแว่นตาและเลนส์', '2', ''),
('3117', 'เทคโนโลยีการต่อเรือ', '2', ''),
('3119', 'เทคโนโลยีโทรคมนาคม', '2', ''),
('3120', 'เครื่องมือวัดและควบคุม', '2', ''),
('3123', 'เคมีอุตสาหกรรม', '2', ''),
('3124', 'ปิโตรเคมี', '2', ''),
('3128', 'เทคโนโลยีคอมพิวเตอร์', '2', 'Computer Technology'),
('3205', 'การเงินการธนาคาร', '2', ''),
('3206', 'ธุรกิจการค้าระหว่างระเทศ', '2', ''),
('3207', 'การจัดการทรัพยากรมนุษย์', '2', ''),
('3212', 'ภาษาต่างประเทศธุรกิจ', '2', ''),
('3215', 'การจัดการทั่วไป', '2', ''),
('3209', 'ธุรกิจเกษตรและสหกรณ์', '2', ''),
('3705', 'การจัดการธุรกิจท่องเที่ยวเกษตรเชิงนิเวศ', '2', ''),
('3801', 'เทคโนโลยีสิ่งทอ', '2', ''),
('3802', 'เคมีสิ่งทอ', '2', ''),
('3803', 'เทคโนโลยีเครื่องนุ่งห่ม', '2', ''),
('3804', 'เทคโนโลยีการทอผ้าไหมและผ้าพื้นเมือง', '2', ''),
('3126', 'ช่างอากาศยาน', '2', ''),
('3113', 'เทคนิคพลังงาน', '2', ''),
('2219', 'การจัดการด้านความปลอดภัย', '1', ''),
('3122', 'เทคโนโลยียาง', '2', 'Rubber  Technology'),
('3707', 'การจัดการประชุมและนิทรรศการ', '2', '');

-- --------------------------------------------------------

--
-- Table structure for table `minor`
--

CREATE TABLE IF NOT EXISTS `minor` (
  `minor_id` varchar(100) NOT NULL,
  `minor_name` varchar(100) NOT NULL,
  `major_id` varchar(100) NOT NULL,
  `minor_enam` varchar(100) NOT NULL
) ENGINE=MyISAM DEFAULT CHARSET=utf8;

--
-- Dumping data for table `minor`
--

INSERT INTO `minor` (`minor_id`, `minor_name`, `major_id`, `minor_enam`) VALUES
('210101', 'ยานยนต์', '2101', 'Automotive'),
('210102', 'เครื่องกลอุตสาหกรรม', '2101', 'Industrial Machinery'),
('210103', 'เครื่องกลเรือ', '2101', 'Ship Mechanics'),
('210104', 'เครื่องกลเกษตร', '2101', 'Agricultural Machinery'),
('210105', 'ตัวถังและสีรถยนต์', '2101', 'Auto body repair and repaint'),
('210201', 'เครื่องมือกล', '2102', 'Machine Tools'),
('210202', 'แม่พิมพ์โลหะ', '2102', 'Metal Mold-making'),
('210203', 'แม่พิมพ์พลาสติก', '2102', 'Plastic Mold-making'),
('210204', 'ผลิตชิ้นส่วนยานยนต์', '2102', ''),
('210301', 'ผลิตภัณฑ์', '2103', ''),
('210401', 'ไฟฟ้ากำลัง', '2104', 'Electrical Power'),
('210601', 'ก่อสร้าง', '2106', 'Building Construction'),
('211201', 'ช่างพิมพ์', '2112', 'Printing'),
('211601', 'แว่นตาและเลนส์', '2116', 'Optical and Lens'),
('211701', 'ต่อเรือโลหะ', '2117', 'Metal Ship'),
('211702', 'ต่อเรือไม้และไฟเบอร์กลาส', '2117', 'Wooden Boat and Fiberglass Boat'),
('211704', 'นาวาสถาปัตย์', '2117', 'Naval Architecture'),
('220101', 'การบัญชี', '2201', 'Accounting'),
('220301', 'การเลขานุการ', '2203', 'Secretarial Studies'),
('220401', 'คอมพิวเตอร์ธุรกิจ', '2204', 'Business Computer'),
('221101', 'ธุรกิจค้าปลีกทั่วไป', '2211', 'Retail Business'),
('220901', 'ธุรกิจสถานพยาบาล', '2209', 'Health Sector Business'),
('221001', 'การประชาสัมพันธ์', '2210', 'Public Relations'),
('221201', 'ภาษาต่างประเทศ', '2212', 'Foreign Languages'),
('230101', 'วิจิตรศิลป์', '2301', 'Fine Art'),
('230201', 'การออกแบบ', '2302', 'Design'),
('230301', 'ศิลปหัตถกรรม', '2303', 'Arts and Crafts'),
('230901', 'ผลิตภัณฑ์เครื่องหนัง', '2309', 'Leather Industry'),
('230601', 'การถ่ายภาพและวีดีทัศน์', '2306', 'Photography and Video Technology'),
('231001', 'เครื่องประดับอัญมณี', '2310', 'Jewelry Ornaments'),
('230701', 'เทคโนโลยีศิลปกรรม', '2307', 'Art Technology'),
('230801', 'คอมพิวเตอร์กราฟิกอาร์ต', '2308', 'Computer Graphics Art'),
('230501', 'ศิลปหัตถกรรมรูปพรรณและเครื่องประดับ', '2305', 'Metalware and Jewelry'),
('231701', 'ดนตรี', '2317', 'International Music'),
('240101', 'แฟชั่นดีไซน์', '2401', 'Fasion Design'),
('240102', 'เสื้อผ้าแฟชั่น', '2401', 'Clothing Design'),
('240103', 'อุตสาหกรรมเสื้อผ้า', '2401', 'Clothing Industry'),
('240104', 'ธุรกิจแฟชั่น', '2401', 'Clothes Business'),
('240201', 'อาหารและโภชนาการ', '2402', 'Food and Nutrition'),
('240202', 'แปรรูปอาหาร', '2402', 'Food Processing'),
('240203', 'ธุรกิจอาหาร', '2402', 'Food Business'),
('240301', 'คหกรรมการผลิต', '2403', 'Home Economics Productivity'),
('240302', 'คหกรรมการบริการ', '2403', 'Home Economics Services'),
('240303', 'ธุรกิจคหกรรม', '2403', 'Home Economics Business'),
('240401', 'อาหารและโภชนาการ', '2404', 'Food and Nutrition'),
('250101', 'การเกษตร', '2501', ''),
('250102', 'พืชศาสตร์', '2501', 'Plant Science'),
('250103', 'สัตวศาสตร์', '2501', 'Animal Science'),
('250104', 'ช่างเกษตร', '2501', 'Farm Mechanics'),
('250105', 'อุตสาหกรรมเกษตร', '2501', 'Agro- Industrial'),
('250106', 'ผลิตสัตว์น้ำ', '2501', ''),
('260101', 'เพาะเลี้ยงสัตว์น้ำ', '2601', ''),
('260201', 'แปรรูปสัตว์น้ำ', '2602', ''),
('260202', 'ผลิตภัณฑ์สัตว์น้ำแช่เยือกแข็ง', '2602', ''),
('260301', 'ประมงทะเล', '2603', 'Marine Fisheries'),
('270101', 'การโรงแรม', '2701', 'Hospitality'),
('280101', 'เทคโนโลยีสิ่งทอ', '2801', 'Textile TechnoLogy'),
('280201', 'เคมีสิ่งทอ', '2802', 'Textile Chemistry'),
('280301', 'เทคโนโลยีเครื่องนุ่งห่ม', '2803', 'Garment Industry'),
('210302', 'โครงสร้าง', '2103', ''),
('210303', 'อุตสาหกรรมต่อตัวถังรถโดยสาร', '2103', 'Bus Body Assambly Industrial'),
('210501', 'อิเล็กทรอนิกส์', '2105', 'Electronics'),
('220201', 'การตลาด', '2202', 'Marketing'),
('240701', 'เสริมสวย', '2407', 'Beauty'),
('210701', 'เครื่องเรือนและตกแต่งภายใน', '2107', 'Furniture and Interior Decoration'),
('210801', 'สถาปัตยกรรม', '2108', 'Architectural'),
('210901', 'สำรวจ', '2109', 'Surveying'),
('211001', 'เขียนแบบเครื่องกล', '2110', 'Mechanical Drafting'),
('211101', 'ซ่อมบำรุงอุตสาหกรรม', '2111', 'Machine Tools Maintenance'),
('211901', 'โทรคมนาคม', '2119', 'Telecommunication'),
('212101', 'โยธา', '2121', 'Civil'),
('212701', 'เมคคาทรอนิกส์', '2127', 'Mechatronics'),
('230401', 'ศิลปกรรมเซรามิก', '2304', 'Ceramics'),
('260203', 'ซูริมิและผลิตภัณฑ์', '2602', 'Surimi Processing and Product'),
('260204', 'ผลิตภัณฑ์สัตว์น้ำบรรจุกระป๋อง', '2602', ''),
('270201', 'การท่องเที่ยว', '2702', 'Tourism'),
('290101', 'เทคโนโลยีสารสนเทศ', '2901', 'Information Technology'),
('240601', 'ธุรกิจดอกไม้และงานประดิษฐ์', '2406', ''),
('240602', 'เด็กปฐมวัย', '2406', ''),
('240603', 'คหกรรมเพื่อการโรงแรม', '2406', ''),
('219101', 'กลุ่มวิชายานยนต์', '2191', 'Automotive group'),
('212201', 'อุตสาหกรรมยาง', '2122', ''),
('249101', 'กลุ่มวิชางานแปรรูปอาหาร', '2491', ''),
('259101', 'กลุ่มวิชาเทคโนโลยีชีวภาพเกษตร', '2591', 'Aqriculture Biotechnology'),
('240402', 'แปรรูปอาหาร', '2404', ''),
('240403', 'ธุรกิจอาหาร', '2404', ''),
('221102', 'ธุรกิจค้าปลีกร้านสะดวกซื้อ', '2211', ''),
('221103', 'ธุรกิจค้าปลีกสรรพสินค้า', '2211', ''),
('221104', 'ธุรกิจค้าปลีกซุปเปอร์เซ็นเตอร์', '2211', ''),
('221105', 'ธุรกิจค้าปลีกซุปเปอร์มาร์เก็ต', '2211', ''),
('221106', 'ธุรกิจค้าปลีกสินค้าเฉพาะอย่าง', '2211', ''),
('221107', 'ธุรกิจค้าปลีกร้านอาหารและภัตตาคาร', '2211', ''),
('230802', 'มัลติมีเดีย', '2308', 'Multimedia'),
('230803', 'แอนิเมชั่น', '2308', 'Animation'),
('231002', 'การเจียระไนอัญมณี', '2310', ''),
('231501', 'ช่างทองหลวง', '2315', ''),
('231502', 'เครื่องประดับอัญมณี', '2315', ''),
('231702', 'ดนตรีประกอบสื่อและการแสดง', '2317', ''),
('410101', 'เทคโนโลยียานยนต์', '4101', ''),
('410201', 'เทคโนโลยีแม่พิมพ์', '4102', ''),
('410401', 'เทคโนโลยีไฟฟ้า', '4104', ''),
('410501', 'เทคโนโลยีอิเล็กทรอนิกส์', '4105', 'Electronic Technology'),
('410601', 'เทคโนโลยีการก่อสร้าง', '4106', ''),
('410701', 'เทคโนโลยีอุตสาหกรรมเครื่องเรือนและตกแต่งภายใน', '4107', ''),
('410801', 'เทคโนโลยีสถาปัตยกรรม', '4108', ''),
('412201', 'เทคโนโลยียาง', '4122', ''),
('413201', 'เทคโนโลยีเครื่องกลเรือ', '4132', ''),
('420101', 'การบัญชี', '4201', ''),
('420201', 'การตลาด', '4202', 'Marketing'),
('420401', 'คอมพิวเตอร์ธุรกิจ', '4204', ''),
('421401', 'การจัดการโลจิสติกส์', '4214', ''),
('421601', 'การจัดการสำนักงาน', '4216', ''),
('430101', 'วิจิตรศิลป์', '4301', ''),
('430201', 'การออกแบบผลิตภัณฑ์', '4302', ''),
('430801', 'ดิจิตอลกราฟิก', '4308', ''),
('431101', 'ออกแบบรูปพรรณอัญมณีและเครื่องประดับ', '4311', ''),
('431501', 'ช่างทองหลวง', '4315', ''),
('440301', 'เทคโนโลยีการออกแบบแฟชั่น', '4403', ''),
('440401', 'เทคโนโลยีอาหารและโภชนาการ', '4404', ''),
('440601', 'การจัดงานคหกรรม', '4406', ''),
('450201', 'เทคโนโลยีการผลิตพืช', '4502', ''),
('450301', 'เทคโนโลยีการผลิตสัตว์', '4503', ''),
('460101', 'เทคโนโลยีเพาะเลี้ยงสัตว์น้ำ', '4601', 'Aquaculture  Technology'),
('460201', 'เทคโนโลยีแปรรูปอาหาร', '4602', ''),
('470101', 'การโรงแรม', '4701', ''),
('470201', 'การท่องเที่ยว', '4702', ''),
('490101', 'เทคโนโลยีสารสนเทศ', '4901', ''),
('229101', 'กลุ่มวิชาเทคโนโลยีการท่องเที่ยว', '2291', ''),
('219102', 'กลุ่มวิชาเครื่องมือกล', '2191', 'Machine Tools'),
('219103', 'กลุ่มวิชาไฟฟ้า', '2191', 'Electrical'),
('219104', 'กลุ่มวิชาอิเล็กทรอนิกส์', '2191', 'Electronics'),
('219105', 'กลุ่มวิชาเครื่องจักรอัตโนมัติ', '2191', 'Auto Machine'),
('259102', 'กลุ่มวิชาพืชศาสตร์', '2591', 'Plant Science'),
('259103', 'กลุ่มวิชาสัตวศาสตร์', '2591', 'Animal Science'),
('259104', 'กลุ่มวิชาอุตสาหกรรมเกษตร', '2491', 'Agro-Industrial'),
('259105', 'กลุ่มวิชาช่างเกษตร', '2591', 'Farm Mechanics'),
('212801', 'เทคนิคคอมพิวเตอร์', '2128', ''),
('212901', 'อุตสาหกรรมฟอกหนัง', '2129', ''),
('211705', 'ซ่อมบำรุงเรือ', '2117', ''),
('231801', 'การพิมพ์สกรีน', '2318', ''),
('231901', 'ออกแบบนิเทศศิลป์', '2319', ''),
('240801', 'แฟชั่นดีไซน์', '2408', ''),
('240802', 'อาหารและโภชนาการ', '2408', ''),
('240803', 'ดอกไม้และงานประดิษฐ์', '2408', ''),
('240804', 'เสริมสวย', '2408', ''),
('310101', 'เทคนิคยานยนต์', '3101', 'Automotive Techniques'),
('310102', 'เทคนิคเครื่องกลอุตสาหกรรม', '3101', 'Industrial Machinery'),
('310103', 'เทคนิคเครื่องกลเรือ', '3101', 'Ship Mechanics'),
('310104', 'เทคนิคเครื่องกลเกษตร', '3101', 'Agricultural Machinery'),
('310105', 'เทคนิคเครื่องกลเรือพาณิชย์', '3101', 'Ocean Vessel Mechanics'),
('310106', 'เทคนิคซ่อมตัวถังและสีรถยนต์', '3101', 'Auto body repair and repaint'),
('310107', 'บำรุงรักษาเครื่องกลอุตสาหกรรมผลิตไฟฟ้า', '3101', 'Power Genertor Mechnical Maintenance'),
('310201', 'เครื่องมือกล', '3102', 'Machine Tool'),
('310202', 'แม่พิมพ์โลหะ', '3102', 'Die-making'),
('310203', 'แม่พิมพ์พลาสติก', '3102', 'Mold-making'),
('310204', 'ผลิตชิ้นส่วนยานยนต์', '3102', ''),
('310401', 'ไฟฟ้าควบคุม', '3104', ''),
('310402', 'ไฟฟ้ากำลัง', '3104', 'Electrical Power'),
('310403', 'เครื่องทำความเย็นและปรับอากาศ', '3104', 'Refrigeration and Air-condition'),
('310404', 'เครื่องมือวัดอุตสาหกรรม', '3104', 'Industrial Instruments'),
('310405', 'บำรุงรักษาระบบจำหน่ายและอุปกรณ์ไฟฟ้า', '3104', 'Electric Distribution System and Devices Maintenance'),
('310406', 'เทคนิคในอาคารขนาดใหญ่', '3104', 'Building System'),
('310501', 'อิเล็กทรอนิกส์อุตสาหกรรม', '3105', 'Industrial Electronics'),
('310502', 'ระบบภาพและระบบเสียง', '3105', 'Audio and Video Systems'),
('310601', 'ก่อสร้าง', '3106', 'Building Construction'),
('310701', 'อุตสาหกรรมเครื่องเรือน', '3107', 'Furniture Production'),
('310702', 'ออกแบบตกแต่งภายใน', '3107', 'Interior Designing'),
('310703', 'ตกแต่งภายใน', '3107', 'Interior Decoration'),
('310801', 'เทคนิคสถาปัตยกรรม', '3108', 'Architectural'),
('310901', 'สำรวจ', '3109', 'Surveying'),
('311001', 'เขียนแบบเครื่องกล', '3110', 'Mechanical Drafting'),
('311101', 'ติดตั้งและบำรุงรักษา', '3111', ''),
('311201', 'การพิมพ์', '3112', ''),
('311601', 'เทคนิคแว่นตาและเลนส์', '3116', ''),
('311701', 'เทคโนโลยีการต่อเรือ', '3117', ''),
('311901', 'เทคโนโลยีระบบโทรคมนาคม', '3119', ''),
('312001', 'เทคโนโลยีการวัดและควบคุม', '3120', ''),
('312201', 'เทคโนโลยียาง', '3122', 'Rubber Technology'),
('312301', 'เคมีอุตสาหกรรม', '3123', ''),
('312401', 'ปิโตรเคมี', '3124', ''),
('312801', 'คอมพิวเตอร์ฮาร์ดแวร์', '3128', 'Computer Technology'),
('320101', 'การบัญชี', '3201', 'Accounting'),
('320201', 'การตลาด', '3202', 'Marketing'),
('320301', 'การเลขานุการ', '3203', 'Secretarial'),
('320401', 'คอมพิวเตอร์ธุรกิจ', '3204', 'Business Computer'),
('321101', 'ธุรกิจค้าปลีกทั่วไป', '3211', 'General Retail Business'),
('321102', 'ธุรกิจค้าปลีกร้านสะดวกซื้อ', '3211', 'Convenience Store'),
('321103', 'ธุรกิจค้าปลีกสรรพสินค้า', '3211', 'Department Store Business'),
('321104', 'ธุรกิจค้าปลีกซุปเปอร์เซ็นเตอร์', '3211', 'Supercenter Business'),
('321105', 'ธุรกิจค้าปลีกซุปเปอร์มาร์เก็ต', '3211', 'Supermarket Business'),
('321106', 'ธุรกิจค้าปลีกสินค้าเฉพาะอย่าง', '3211', 'Specialty Store Business'),
('321107', 'ธุรกิจการบริการ', '3211', 'Service Business'),
('321108', 'ธุรกิจค้าปลีกร้านอาหารและภัตตาคาร', '3211', 'Restaurant Business'),
('321404', 'ตัวแทนออกของ', '3214', 'Transportation'),
('321402', 'การจัดการการขนส่ง', '3214', 'Ware House'),
('321403', 'การจัดการคลังสินค้า', '3214', 'Customs Broker'),
('321401', 'การจัดการโลจิสติกส์', '3214', 'Logistic Management'),
('321601', 'การจัดการสำนักงาน', '3216', 'Office Management'),
('320501', 'การเงินการธนาคาร', '3205', ''),
('320701', 'การจัดการทรัพยากรมนุษย์', '3207', ''),
('320901', 'ธุรกิจสถานพยาบาล', '3209', ''),
('321201', 'ภาษาต่างประเทศธุรกิจ', '3212', ''),
('321501', 'การจัดการทั่วไป', '3215', ''),
('330101', 'วิจิตรศิลป์', '3301', 'Fine Art'),
('330202', 'การออกแบบผลิตภัณฑ์', '3302', 'Product Design'),
('330201', 'การออกแบบนิเทศศิลป์', '3302', ''),
('330203', 'การออกแบบตกแต่งภายใน', '3302', 'Interior Design'),
('330204', 'การออกแบบเครื่องแต่งกาย', '3302', 'Costume Art Design'),
('330301', 'เทคนิคงานดิน', '3303', 'Clay'),
('330302', 'เทคนิคงานหนัง', '3302', 'Leather'),
('330303', 'เทคนิคงานหล่อ', '3303', 'Casting'),
('330304', 'เทคนิคงานพิมพ์ย้อม', '3303', 'Printing & Dyeing'),
('330305', 'เทคนิคงานไม้', '3303', 'Wood'),
('330306', 'เทคนิคงานโลหะ', '3303', 'Metal'),
('330307', 'เทคนิคงานรัก', '3303', 'Gilding and Lacquerware'),
('330308', 'เทคนิคงานจักสาน', '3303', 'Weaving'),
('330401', 'เทคโนโลยีเซรามิก', '3304', 'Ceramics technology'),
('330501', 'ศิลปหัตถกรรมรูปพรรณและเครื่องประดับ', '3305', 'Metalware and Ornaments'),
('330601', 'การถ่ายภาพและมัลติมีเดีย', '3306', 'Photography and Multimedia'),
('330701', 'เทคโนโลยีศิลปกรรม', '3307', 'Art Technology'),
('330801', 'คอมพิวเตอร์กราฟิกอาร์ต', '3308', 'Computer Graphics'),
('330802', 'มัลติมีเดีย', '3308', 'Multimedia'),
('330803', 'แอนิเมชั่น', '3308', 'Animation'),
('330804', 'สื่อสิ่งพิมพ์', '3308', ''),
('331001', 'เครื่องประดับอัญมณี', '3310', 'Jeweled'),
('331101', 'ออกแบบเครื่องประดับอัญมณี', '3311', 'Jewelry Design'),
('331501', 'ช่างทองหลวง', '3315', 'Royal Goldsmith'),
('331502', 'เครื่องประดับอัญมณี', '3315', 'Jeweled'),
('331503', 'ออกแบบเครื่องประดับอัญมณี', '3315', 'Jewelry Design'),
('331504', 'วิเคาระห์และควบคุมคุณภาพอัญมณีและเครื่องประดับ', '3315', ''),
('331505', 'เทคนิคการทำต้นแบบและการหล่อเครื่องประดับอัญมณี', '3315', ''),
('331701', 'ดนตรีและเทคโนโลยี', '3317', ''),
('331801', 'การพิมพ์สกรีน', '3318', ''),
('331901', 'ออกแบบนิเทศน์ศิลป์', '3319', ''),
('340101', 'เทคโนโลยีแฟชั่นและสิ่งทอ', '3401', ''),
('340201', 'เทคโนโลยีออกแบบแฟชั่นและสิ่งทอ', '3402', ''),
('340301', 'เทคโนโลยีสิ่งทอและเครื่องนุ่งห่ม', '3403', ''),
('340401', 'อาหารและโภชนาการ', '3404', ''),
('340402', 'การแปรรูปอาหาร', '3404', ''),
('340501', 'อุตสาหกรมมอาหาร', '3405', ''),
('340601', 'การจัดงานดอกไม้และงานประดิษฐ์', '3406', ''),
('340701', 'เทคโนโลยีความงาม', '3407', ''),
('350101', 'เกษตรศาสตร์', '3501', 'Agricultural Science'),
('350201', 'พืชไร่', '3502', 'Field Crops'),
('350202', 'พืชสวน', '3502', 'Horticultural Crops'),
('350203', 'เทคโนโลยีกล้วยไม้', '3502', 'Orchids Technology'),
('350301', 'การผลิตสัตว์', '3503', 'Animal Science'),
('350401', 'สัควรักษ์', '3504', 'Animal Health'),
('350501', 'เครื่องจักรกลเกษตร', '3505', 'Farm Mechanics'),
('350502', 'เครื่องจักรกลโรงสีข้าว', '3505', 'Rice Mill Mechanics'),
('350601', 'อุตสาหกรรมเกษตร', '3506', 'Agro-Industrial'),
('350701', 'เทคโนโลยีข้าว', '3507', 'Landscape'),
('350801', 'เทคโนโลยีภูมิทัศน์', '3508', 'Rice Technology'),
('360101', 'เพาะเลี้ยงสัตว์น้ำ', '3601', ''),
('360201', 'แปรรูปสัตว์น้ำ', '3602', ''),
('360202', 'อุตสาหกรรมสัตว์น้ำ', '3602', ''),
('370101', 'บริการส่วนหน้าโรงแรม', '3701', 'Hotel Front Office Service'),
('370102', 'แม่บ้านโรงแรม', '3701', 'Housekeeping'),
('370103', 'บริการอาหารและเครื่องดื่ม', '3701', 'Food and Beverage Service'),
('370104', 'ครัวโรงแรม', '3701', 'Hotel Kitchen'),
('380101', 'เทคโนโลยีสิ่งทอ', '3801', ''),
('380201', 'เคมีสิ่งทอ', '3802', ''),
('380301', 'เทคโนโลยีเครื่องนุ่งห่ม', '3803', ''),
('380401', 'เทคโนโลยีการทอผ้าไหมและผ้าพื้นเมือง', '3804', ''),
('390301', 'วิศวกรรมคอมพิวเตอร์ซอฟแวร์', '3903', ''),
('390101', 'เทคโนโลยีสารสนเทศ', '3901', 'Information Technology'),
('390401', 'คอมพิวเตอร์ระบบสมองกลฝังตัว', '3904', ''),
('390501', 'คอมพิวเตอร์เกมและแอนิเมชั่น', '3905', ''),
('370201', 'การท่องเที่ยว', '3702', 'Tourism Management'),
('350702', 'เทคโนโลยีอ้อย', '3507', ''),
('350703', 'เทคโนโลยีมันสำปะหลัง', '3507', ''),
('350704', 'เทคโนโลยียางพารา', '3507', ''),
('350705', 'เทคโนโลยีปาล์มน้ำมัน', '3507', ''),
('350706', 'เทคโนโลยีไม้ผล', '3507', ''),
('340602', 'การดูแลเด็กและผู้สูงอายุ', '3406', ''),
('340603', 'การจัดการคหกรรมเพื่อการโรงแรม', '3406', ''),
('219106', 'กลุ่มวิชาก่อสร้าง', '2191', ''),
('310301', 'ตรวจสอบและทดสอบงานเชื่อม', '3103', ''),
('310302', 'เทคโนโลยีงานเชื่อมและขึ้นรูปผลิตภัณฑ์โลหะ', '3103', ''),
('310303', 'เทคโนโลยีงานเชื่อมโครงสร้างโลหะ', '3103', ''),
('310304', 'เทคโนโลยีงานเชื่อมท่อและถังความดัน', '3103', ''),
('311102', 'อุตสาหกรรมการผลิต', '3111', ''),
('311501', 'เทคนิคกายอุปกรณ์', '3115', ''),
('311902', 'เทคโนโลยีระบบเครือข่ายสายตอนนอก', '3119', ''),
('311903', 'เทคโนโลยีระบบสื่อสารข้อมูลและเครือข่าย', '3119', ''),
('311904', 'เทคโนโลยีระบบสื่อสารวิทยุ', '3119', ''),
('312802', 'คอมพิวเตอร์ซอฟแวร์', '3128', ''),
('312803', 'คอมพิวเตอร์ระบบเครือข่าย', '3128', ''),
('312804', 'คอมพิวเตอร์มัลติมีเดีย', '3128', ''),
('320601', 'ธุรกิจการค้าระหว่างประเทศ', '3206', ''),
('330602', 'ศิลปะการถ่ายภาพ', '3306', 'Art of Photography'),
('331506', 'การจัการธุรกิจเครื่องประดับและอัญมณี', '3315', ''),
('350901', 'ธุรกิจเกษตร', '3509', ''),
('350902', 'สหกรณ์', '3509', ''),
('370105', 'ธุรกิจสนามกอล์ฟ', '3701', ''),
('370501', 'การจัดการธุรกิจท่องเที่ยวเชิงนิเวศ', '3705', ''),
('310108', 'เทคนิคเครื่องกลระบบขนส่งทางราง', '3101', ''),
('310407', 'บำรุงรักษาระบบไฟฟ้าในระบบขนส่งทางราง', '3104', ''),
('312601', 'ช่างอากาศยาน', '3126', ''),
('312701', 'เมคคาทรอนิกส์และหุ่นยนต์', '3127', ''),
('311301', 'เทคนิคการควบคุมการผลิตพลังงาน', '3113', ''),
('311302', 'เทคนิคการซ่อมบำรุงอุตสาหกรรมพลังงาน', '3113', ''),
('311303', 'เทคนิคการจัดการพลังงาน', '3113', ''),
('221901', 'การจัดการด้านความปลอดภัย', '2219', ''),
('330901', 'เทคโนโลยีผลิตภัณฑ์อุตสาหกรรมเครื่องหนัง', '3309', 'Leather Design Indutry Product Technology'),
('510101', 'เทคนิคช่างยนต์', '5101', 'Auto mechanic'),
('510301', 'เชื่อมและประสาน', '5103', 'Welding and Fabrication'),
('510401', 'เทคนิคไฟฟ้ากำลัง', '5104', 'Electrical Power Technique'),
('510501', 'เทคนิคไฟฟ้าสื่อสาร', '5105', 'Communication Technique'),
('510601', 'เทคนิคโยธา', '5106', 'Civil Engineering'),
('520201', 'คอมพิวเตอร์ธุรกิจ', '5202', 'Business Computer'),
('313202', 'เทคโนโลยีปิโตรเลียม', '3132', 'Petroleum Technology'),
('340403', 'การประกอบอาหารในเรือเดินทะเลระหว่างประเทศ', '3404', ''),
('320202', 'ธุรกิจการบริการยานยนต์', '3202', 'Automotive Service Business'),
('312101', 'โยธา', '3121', ''),
('313201', 'เทคโนโลยีหลุมเจาะปิโตรเลียม', '3132', 'Oil well Technology'),
('310408', 'เทคโนโลยีระบบส่งไฟฟ้า', '3104', ''),
('370701', 'การจัดประชุมและนิทรรศการ', '3707', ''),
('110101', 'งานจักรยานยนต์', '1101', ''),
('110102', 'งานเครื่องยนต์เล็ก', '1101', ''),
('110103', 'งานเครื่องยนต์', '1101', ''),
('110104', 'งานไฟฟ้ารถยนต์', '1101', ''),
('110105', 'งานระบบส่งกำลังรถยนต์', '1101', ''),
('110106', 'งานเครื่องล่างรถยนต์', '1101', ''),
('110107', 'งานอิเล็กทรอนิกส์ยานยนต์', '1101', ''),
('110108', 'งานบริการยานยนต์', '1101', ''),
('110201', 'งานช่างกลโรงงาน', '1102', ''),
('110301', 'งานช่างเชื่อมโลหะ', '1103', ''),
('110401', 'งานช่างไฟฟ้า', '1104', ''),
('110402', 'งานช่างซ่อมบำรุงรักษาระบบไฟฟ้าขนส่งทางราง', '1104', ''),
('110501', 'งานพื้นฐานช่างอิเล็กทรอนิกส์', '1105', ''),
('110502', 'งานเสียงและภาพ', '1105', ''),
('110503', 'งานโทรคมนาคม', '1105', ''),
('110504', 'งานเครื่องใช้สำนักงาน', '1105', ''),
('110505', 'งานระบบควบคุม', '1105', ''),
('110601', 'งานเขียนแบบก่อสร้าง', '1106', ''),
('110602', 'งานไม้', '1106', ''),
('110603', 'งานคอนกรีต', '1106', ''),
('110604', 'งานปูน', '1106', ''),
('110605', 'งานประปา-สุขภัณฑ์', '1106', ''),
('110606', 'งานสีและตกแต่งผิว', '1106', ''),
('110607', 'งานสำรวจ', '1106', ''),
('110701', 'งานพิมพ์', '1107', ''),
('110801', 'งานเครื่องทำความเย็น', '1108', ''),
('120101', 'งานบัญชี', '1201', ''),
('120201', 'งานขาย', '1202', ''),
('120301', 'งานเลขานุการ', '1203', ''),
('120401', 'งานคอมพิวเตอร์', '1204', ''),
('120501', 'งานโลจิสติกส์', '1205', ''),
('120502', 'งานการจัดการ', '1205', ''),
('130101', 'งานจิตรกรรม', '1301', ''),
('130102', 'งานปฏิมากรรม', '1301', ''),
('130201', 'งานออกแบบตกแต่ง', '1302', ''),
('130202', 'งานออกแบบผลิตภัณฑ์', '1302', ''),
('130203', 'งานออกแบบพาณิชย์ศิลป์', '1302', ''),
('130301', 'งานจักสาน', '1303', ''),
('130302', 'งานเพ้นท์สี', '1303', ''),
('130303', 'งานผ้า', '1303', ''),
('130304', 'งานโลหะรูปพรรณ', '1303', ''),
('130305', 'งานหล่อ', '1303', ''),
('130306', 'งานหนัง', '1303', ''),
('130307', 'งานไม้', '1303', ''),
('130308', 'งานเครื่องเคลือบดินเผา', '1303', ''),
('130309', 'งานอื่น ๆ', '1303', ''),
('130401', 'งานศิลปะการถ่ายภาพ', '1304', ''),
('130402', 'งานการถ่ายภาพโฆษณา', '1304', ''),
('130403', 'งานวีดิทัศน์', '1304', ''),
('130501', 'งานการออกแบบและต้นแบบ', '1305', ''),
('130502', 'งานรูปพรรณ', '1305', ''),
('130503', 'งานประดับอัญมณี', '1305', ''),
('130504', 'งานเจียรไนอัญมณี', '1305', ''),
('130505', 'งานการวิเคราะห์อัญมณี', '1305', ''),
('130601', 'ดนตรีไทย', '1306', ''),
('130602', 'ดนตรีสากล', '1306', ''),
('130603', 'ดนตรีพิ้นบ้าน', '1306', ''),
('130604', 'ลีลาศ', '1306', ''),
('130701', 'งานคอมพิวเตอร์กราฟิกอาร์ค', '1307', ''),
('130702', 'งานแอนิเมชั่น', '1307', ''),
('130703', 'งานมัลติมีเดีย', '1307', ''),
('130801', 'งานโหราศาสตร์', '1308', ''),
('140101', 'งานเสื้อผ้าสตรี', '1401', ''),
('140102', 'งานเสื้อผ้าชาย', '1401', ''),
('140103', 'งานเสื้อผ้าเด็ก', '1401', ''),
('140104', 'งานเสื้อผ้าอุตสาหกรรม', '1401', ''),
('140105', 'งานปักจักร', '1401', ''),
('140106', 'งานออกแบบและธุรกิจเครื่องแต่งกาย', '1401', ''),
('140201', 'งานขนมอบ', '1402', ''),
('140202', 'งานอาหารไทยและขนมไทย', '1402', ''),
('140203', 'งานอาหารนานาชาติ', '1402', ''),
('140204', 'งานถนอมอาหารและแปรรรูป', '1402', ''),
('140301', 'งานเสริมสวย', '1403', ''),
('140302', 'งานดอกไม้สด', '1403', ''),
('140303', 'งานใบตอง', '1403', ''),
('140304', 'งานแกะสลัก', '1403', ''),
('140305', 'งานดอกไม้ประดิษฐ์', '1403', ''),
('140306', 'งานประดิษฐ์', '1403', ''),
('140401', 'งานสมุนไพร', '1404', ''),
('140402', 'งานธุรกิจจัดตกแต่งพิธีและสถานที่', '1404', ''),
('140403', 'งานบริบาล', '1404', ''),
('150101', 'งานพืชไร่', '1501', ''),
('150102', 'งานพืชผัก', '1501', ''),
('150103', 'งานไม้ดอก-ไม้ประดับ', '1501', ''),
('150104', 'งานไม้ผล-ไม้ยืนต้น', '1501', ''),
('150105', 'งานภูมิทัศน์', '1501', ''),
('150201', 'งานสัตว์ปีก', '1502', ''),
('150202', 'งานสัตว์เล็ก', '1502', ''),
('150203', 'งานสัตว์ใหญ่', '1502', ''),
('150301', 'งานผลิตภัณฑ์พืช', '1503', ''),
('150302', 'งานผลิตภัณฑ์สัตว์', '1503', ''),
('150401', 'งานช่างเกษตร', '1504', ''),
('150402', 'งานธุรกิจเกษตร', '1504', ''),
('160101', 'งานเพราะเลี้ยงสัตว์น้ำ', '1601', ''),
('160201', 'งานแปรรูปสัตว์น้ำ', '1602', ''),
('160301', 'งานช่างประมง', '1603', ''),
('160302', 'งานธุรกิจประมง', '1603', ''),
('170101', 'งานโรงแรมและบริการ', '1701', ''),
('170201', 'งานท่องเที่ยวและบริการ', '1702', ''),
('170202', 'งานนวดแผนไทย', '1702', ''),
('170203', 'งานสปาและความงาม', '1702', ''),
('170204', 'งานธุรกิจเพื่อสุขภาพและท่องเที่ยว', '1702', ''),
('170301', 'ภาษาไทย', '1703', ''),
('170302', 'ภาษาอังกฤษ', '1703', ''),
('170303', 'ภาษาจีน', '1703', ''),
('170304', 'ภาษาญี่ปุ่น', '1703', ''),
('170305', 'ภาษาเกาหลี', '1703', ''),
('180101', 'งานเทคโนโลยีสิ่งทอ', '1801', ''),
('180201', 'งานเทคโนโลยีเครื่องนุ่งห่ม', '1802', ''),
('190101', 'งานเทคโนโลยีสารสนเทศ', '1901', ''),
('310503', 'อิเล็กทรอนิกส์การแพทย์', '3105', '');

-- --------------------------------------------------------

--
-- Table structure for table `school_type`
--

CREATE TABLE IF NOT EXISTS `school_type` (
  `type_id` varchar(100) NOT NULL,
  `type_name` varchar(100) NOT NULL
) ENGINE=MyISAM DEFAULT CHARSET=utf8;

--
-- Dumping data for table `school_type`
--

INSERT INTO `school_type` (`type_id`, `type_name`) VALUES
('01', 'วิทยาลัยเทคนิค'),
('02', 'วิทยาลัยอาชีวศึกษา'),
('03', 'วิทยาลัยเกษตรและเทคโนโลยี'),
('04', 'วิทยาลัยสารพัดช่าง'),
('05', 'วิทยาลัยการอาชีพ'),
('06', 'วิทยาลัยพณิชยการ'),
('07', 'วิทยาลัยเทคโนโลยีอุตสาหกรรมการต่อเรือ'),
('08', 'วิทยาลัยศิลปหัตถกรรม'),
('09', 'วิทยาลัยบริหารธุรกิจและการท่องเที่ยว'),
('10', 'วิทยาลัยประมง'),
('11', 'กาญจนาภิเษกวิทยาลัยช่างทองหลวง'),
('12', 'วิทยาลัยเทคโนโลยีและการจัดการ'),
('13', 'วิทยาลัยอาชีวศึกษาเทคโนโลยีฐานวิทยาศาสตร์'),
('14', 'วิทยาลัยการอาชีวศึกษา'),
('15', 'วิทยาลัยเทคโนโลยีการเกษตรและประมง'),
('16', 'วิทยาลัยเสริมทักษะพระภิกษุ สามเณร');

-- --------------------------------------------------------

--
-- Table structure for table `status_education`
--

CREATE TABLE IF NOT EXISTS `status_education` (
  `edu_id` varchar(100) NOT NULL,
  `edu_name` varchar(100) NOT NULL
) ENGINE=MyISAM DEFAULT CHARSET=utf8;

--
-- Dumping data for table `status_education`
--

INSERT INTO `status_education` (`edu_id`, `edu_name`) VALUES
('01', 'กำลังศึกษาอยู่'),
('02', 'สำเร็จการศึกษาตามหลักสูตร'),
('03', 'พ้นสภาพเนื่องจากไม่ลงทะเบียนในเวลาที่กำหนด'),
('04', 'พ้นสภาพเนื่องจากเกรดเฉลี่ยสะสมไม่ถึงเกณฑ์'),
('05', 'พ้นสภาพเนื่องจากขาดเรียนติดต่อกันเกินกำหนด'),
('06', 'พ้นสภาพเนื่องจากต้องคดีอาญา/ถูกจับ'),
('16', 'พ้นสภาพเนื่องจากขาดหลักฐานการสำเร็จการศึกษา'),
('17', 'พ้นสภาพเนื่องจากเสียชีวิต'),
('07', 'ลาออกเนื่องจากฐานะยากจน'),
('08', 'ลาออกเนื่องจากมีปัญหาครอบครัว'),
('09', 'ลาออกเนื่องจากสมรสแล้ว'),
('10', 'ลาออกเนื่องจากมีปัญหาในการปรับตัว'),
('11', 'ลาออกเนื่องจากเจ็บป่วยอุบัติเหตุ'),
('12', 'ลาออกเนื่องจากอพยพตามผู้ปกครอง'),
('13', 'ลาออกเนื่องจากหาเลี้ยงครอบครัว'),
('14', 'ลาออกเนื่องจากอื่นๆ'),
('15', 'พักการเรียน');

-- --------------------------------------------------------

--
-- Table structure for table `trainer`
--

CREATE TABLE IF NOT EXISTS `trainer` (
  `trainer_id` varchar(100) NOT NULL,
  `trainer_citizen` varchar(100) NOT NULL,
  `trainer_name` varchar(100) NOT NULL,
  `phone` varchar(100) NOT NULL,
  `address` varchar(100) NOT NULL,
  `business_id` varchar(100) NOT NULL,
  `educational` varchar(100) NOT NULL,
  `certificate_date` varchar(100) NOT NULL,
  `property` varchar(100) NOT NULL
) ENGINE=MyISAM DEFAULT CHARSET=utf8;

-- --------------------------------------------------------

--
-- Table structure for table `training`
--

CREATE TABLE IF NOT EXISTS `training` (
  `VocationTrain_id` varchar(100) NOT NULL,
  `citizen_id` varchar(100) NOT NULL,
  `business_id` varchar(100) NOT NULL,
  `education _id` varchar(100) NOT NULL,
  `branch_id` varchar(100) NOT NULL,
  `operator_training` varchar(100) NOT NULL,
  `contract_date` varchar(100) NOT NULL,
  `start_date` varchar(100) NOT NULL,
  `end_date` varchar(100) NOT NULL
) ENGINE=MyISAM DEFAULT CHARSET=utf8;

-- --------------------------------------------------------

--
-- Table structure for table `vocation_group`
--

CREATE TABLE IF NOT EXISTS `vocation_group` (
  `vg_id` varchar(100) NOT NULL,
  `vg_name` varchar(100) NOT NULL
) ENGINE=MyISAM DEFAULT CHARSET=utf8;

--
-- Dumping data for table `vocation_group`
--

INSERT INTO `vocation_group` (`vg_id`, `vg_name`) VALUES
('1', 'ไฟฟ้าและอิเล็กทรอนิกส์'),
('2', 'พลังงาน'),
('3', 'ปิโตรเลียม ปิโตรเคมี'),
('4', 'เครื่องปรับอากาศและเครื่องทำความเย็น'),
('5', 'บริการยานยนต์'),
('6', 'ยานยนต์และชิ้นส่วน'),
('7', 'เครื่องยนต์เล็ก'),
('8', 'ตัวถังและสี'),
('9', 'โลจิสติกส์'),
('11', 'ก่อสร้าง สถาปัตย์ และโยธา'),
('12', 'แม่พิมพ์'),
('13', 'อุตสาหกรรมพลาสติก'),
('14', 'การพิมพ์และบรรจุภัณฑ์'),
('15', 'นิคมอุตสาหกรรมต้นแบบ'),
('16', 'โรงแรมและท่องเที่ยว'),
('17', 'สิ่งทอ เครื่องนุ่งห่ม และแฟชั่น'),
('18', 'อัญมณีและเครื่องประดับ'),
('19', 'ภาคธุรกิจและบริการอาหาร'),
('20', 'ค้าปลีก'),
('23', 'เทคโนโลยีสารสนเทศและการสื่อสารและดิจิทัลคอนเทนต์'),
('24', 'กลุ่มงานวิจัยและพัฒนา'),
('25', 'กลุ่มสภาอุตสาหกรรมแห่งประเทศไทย : ภาคเหนือ'),
('26', 'กลุ่มสภาอุตสาหกรรมแห่งประเทศไทย : ภาคตะวันออกเฉียงเหนือ'),
('27', 'กลุ่มสภาอุตสาหกรรมแห่งประเทศไทย : ภาคใต้'),
('28', 'กลุ่มสภาหอการค้าแห่งประเทศไทย : ภาคเหนือ'),
('29', 'กลุ่มสภาหอการค้าแห่งประเทศไทย : ภาคกลาง'),
('30', 'กลุ่มอาชีพและอุตสาหกรรมการเกษตร'),
('31', 'กลุ่มอาชีพพาณิชย์นาวี'),
('32', 'เครื่องจักรกลและโลหะการและเครื่องจักรกลการเกษตร'),
('33', 'อาชีพไมซ์');

--
-- Indexes for dumped tables
--

--
-- Indexes for table `edu_type`
--
ALTER TABLE `edu_type`
  ADD PRIMARY KEY (`typcode`);

--
-- Indexes for table `major`
--
ALTER TABLE `major`
  ADD PRIMARY KEY (`major_id`);

--
-- Indexes for table `minor`
--
ALTER TABLE `minor`
  ADD PRIMARY KEY (`minor_id`);

/*!40101 SET CHARACTER_SET_CLIENT=@OLD_CHARACTER_SET_CLIENT */;
/*!40101 SET CHARACTER_SET_RESULTS=@OLD_CHARACTER_SET_RESULTS */;
/*!40101 SET COLLATION_CONNECTION=@OLD_COLLATION_CONNECTION */;
